;Action;Name;Features;Service;Source;VR Instance;Destination;User;Schedule;QoS;IPS Policy;Usage
1;Block ;Block-NSM-to-datagroup;;ALL ALLIP, ECHO , TCP  *, TCP  21, TCP  512, TCP  513, TCP  514, UDP  *;194.145.239.130 , 194.145.239.131 , 194.145.239.132;Source: default ;194.145.239.0/24 ;Any ;Always ;N.A. ;N.A. ;
19;Pass Client;ALLOW-DMVPN-NUE-FRA-neuer-Standort;;Ref: ICMP , Ref: ALL ALLIP, ECHO , TCP  *, TCP  21, TCP  512, TCP  513, TCP  514, UDP  *;193.37.149.7 , 193.37.149.8 , 194.145.239.57;Source: default Destination: default;194.145.239.71 , 194.145.239.70;Any ;Always ;No-Shaping ;Default ;
23;Pass Original Source IP;DG-BS-ES-to-DMVPN-HUB-1;;UDP  500 , UDP  4500 , Ref: ICMP , Ref: ALL , GRE , IPSEC-ESP , IPSEC-AH , TCP  1723 ALLIP, ECHO , GRE, IPSEC-AH, IPSEC-ESP, TCP  *, TCP  1723, TCP  21, TCP  512, TCP  513, TCP  514, UDP  *, UDP  4500, UDP  500;195.244.239.177 , 195.244.239.178 , Ref: h-217.9.115.79-DES-Jena-1 , Ref: h-217.9.115.80-DES-Jena-2 , Ref: net-62.220.30.48-29-DES-Duesseldorf , Ref: net-213.30.232.80-29-DES-Frankfurt , Ref: net-91.103.117.8-29-DES-Boeblingen , Ref: net-82.135.46.120-29-DGES-Wuerzburg , Ref: net-213.61.119.216-29-DMVPN-DGkoeln , Ref: net-80.150.78.144-29-DGFIS-Duesseldorf , Ref: net-193-37-149-0-26_DG-KIT-WEB-Servers , Ref: net-195.63.202.128-27-DGHH , Ref: net-5.147.244.184-29-DES-Dortmund , Ref: net-217.7.103.152--29-DGES-Wuerzburg , 193.37.149.7 , 193.37.149.8 , Ref: net-88.130.189.184-30-DBSROBER02 , Ref: net-94.134.80.176-30-DBSROLPZ02 , Ref: net-94.134.127.96--29-DBSROISM02 , Ref: net-212.7.145.144--29-DBSROROS02 , Ref: net-DGBS-Leipzip-Pub , 178.15.152.130 , 213.182.143.202 , Ref: net-213.146.65.244-30-DGBS-RO , Ref: h-dbsroism01 , Ref: h-dbsroism02 , Ref: net-DGBS-Siegburg-Pub-IPs , 185.62.88.219 , Ref: net-DGES-Ungarn , Ref: net-DG-Wal-185-211-16-176--29 , Ref: DGES-Debrecen , Ref: pub-Portavis-HH-82.140.43.50 , 194.149.42.80/30 , 81.91.17.96/29 , 195.63.202.128/27 , 195.63.202.128/27 , 213.61.249.48/29 , 82.198.211.224/29 , 212.211.212.192/27 , 62.154.225.52 145.253.99.66, 178.15.152.130, 185.211.16.176/29, 185.48.41.8/29, 185.62.88.219, 193.37.149.0/26, 193.37.149.7, 193.37.149.8, 194.149.42.80/30, 195.244.239.177, 195.244.239.178, 195.63.202.128/27, 212.211.212.192/27, 212.7.145.144/29, 212.80.236.104/29, 213.146.65.244/30, 213.182.143.202, 213.23.203.22, 213.30.232.80/29, 213.61.119.216/29, 213.61.249.48/29, 217.7.103.152/29, 217.9.115.79, 217.9.115.80, 5.147.244.184/29, 62.154.225.52, 62.220.30.48/29, 80.150.78.144/29, 80.154.17.152/29, 81.91.17.96/29, 82.119.166.80/29, 82.135.46.120/29, 82.140.43.50, 82.198.211.224/29, 88.130.189.184/30, 88.217.202.75, 91.103.117.8/29, 94.134.127.96/29, 94.134.80.176/30;Source: default Destination: default;194.145.239.1 ;Any ;Always ;No-Shaping ;Default ;
24;Pass Original Source IP;DG-BS-ES-to-DMVPN-HUB-2;;UDP  500 , UDP  4500 , Ref: ICMP , Ref: ALL , IPSEC-ESP , IPSEC-AH , GRE , TCP  1723 ALLIP, ECHO , GRE, IPSEC-AH, IPSEC-ESP, TCP  *, TCP  1723, TCP  21, TCP  512, TCP  513, TCP  514, UDP  *, UDP  4500, UDP  500;195.244.239.177 , 195.244.239.178 , Ref: h-217.9.115.79-DES-Jena-1 , Ref: h-217.9.115.80-DES-Jena-2 , Ref: net-62.220.30.48-29-DES-Duesseldorf , Ref: net-213.30.232.80-29-DES-Frankfurt , Ref: net-91.103.117.8-29-DES-Boeblingen , Ref: net-82.135.46.120-29-DGES-Wuerzburg , Ref: net-213.61.119.216-29-DMVPN-DGkoeln , Ref: net-80.150.78.144-29-DGFIS-Duesseldorf , Ref: net-193-37-149-0-26_DG-KIT-WEB-Servers , Ref: net-195.63.202.128-27-DGHH , Ref: net-5.147.244.184-29-DES-Dortmund , Ref: net-217.7.103.152--29-DGES-Wuerzburg , 193.37.149.7 , 193.37.149.8 , Ref: net-88.130.189.184-30-DBSROBER02 , Ref: net-94.134.127.96--29-DBSROISM02 , Ref: net-94.134.80.176-30-DBSROLPZ02 , Ref: net-212.7.145.144--29-DBSROROS02 , Ref: net-DGBS-Leipzip-Pub , 178.15.152.130 , 213.182.143.202 , Ref: net-213.146.65.244-30-DGBS-RO , Ref: h-dbsroism01 , Ref: h-dbsroism02 , Ref: net-DGBS-Siegburg-Pub-IPs , 185.62.88.219 , Ref: net-DGES-Ungarn , Ref: net-DG-Wal-185-211-16-176--29 , Ref: DGES-Debrecen , Ref: pub-Portavis-HH-82.140.43.50 , 194.149.42.80/30 , 81.91.17.96/29 , 195.63.202.128/27 , 213.61.249.48/29 , 82.198.211.224/29 , 212.211.212.192/27 , 62.154.225.52 145.253.99.66, 178.15.152.130, 185.211.16.176/29, 185.48.41.8/29, 185.62.88.219, 193.37.149.0/26, 193.37.149.7, 193.37.149.8, 194.149.42.80/30, 195.244.239.177, 195.244.239.178, 195.63.202.128/27, 212.211.212.192/27, 212.7.145.144/29, 212.80.236.104/29, 213.146.65.244/30, 213.182.143.202, 213.23.203.22, 213.30.232.80/29, 213.61.119.216/29, 213.61.249.48/29, 217.7.103.152/29, 217.9.115.79, 217.9.115.80, 5.147.244.184/29, 62.154.225.52, 62.220.30.48/29, 80.150.78.144/29, 80.154.17.152/29, 81.91.17.96/29, 82.119.166.80/29, 82.135.46.120/29, 82.140.43.50, 82.198.211.224/29, 88.130.189.184/30, 88.217.202.75, 91.103.117.8/29, 94.134.127.96/29, 94.134.80.176/30;Source: default Destination: default;194.145.239.2 ;Any ;Always ;No-Shaping ;Default ;
25;Pass Original Source IP;DG-BS-DMVPN-VRF-Router;;UDP  500 , UDP  4500 , Ref: ICMP , TCP  1723 , IPSEC-ESP , GRE , IPSEC-AH ECHO , GRE, IPSEC-AH, IPSEC-ESP, TCP  1723, UDP  4500, UDP  500;188.194.193.129 , 80.120.201.128/29 , 62.214.82.149 , 88.217.142.63 , 88.130.205.16/29 , 188.194.192.119 , 213.23.89.110 , 31.27.136.228 , 62.154.225.0/26 , 89.246.179.26 , 89.247.208.186 , 91.211.8.164/30 , 188.194.192.47 , 91.211.9.172 , 89.244.116.226 , 89.246.180.106;Source: default Destination: default;Ref: h-DOP-ROV-DENUE301-pub-IP , Ref: h-DOP-ROV-DENUE201-pub-IP 194.145.239.83, 194.145.239.84;Any ;Always ;No-Shaping ;Default ;
27;Pass Proxydyn;NewRule;;TCP  3128 , Ref: FTP TCP  21, TCP  3128;Ref: g-Consinto-Loadbalancer 194.145.239.100, 194.145.239.101, 194.145.239.102;Source: default Destination: default;10.1.6.15 ;Any ;Always ;No-Shaping ;Default ;
28;Pass No SNAT;Allow-THAWSNUE01-to-Norris-Mail;;Ref: SMTP , Ref: Port-465-secure-SMTP , Ref: Port-587-secure-SMTP , Ref: IMAP , Ref: Port-993-secure-IMAPS , Ref: Port-995-secure-POP3S TCP  143, TCP  25, TCP  465, TCP  587, TCP  993, TCP  995;Ref: h-194.145.239.68-bpwsnue01 194.145.239.68;Source: default Destination: Same as Source;62.128.1.25 ;Any ;Always ;No-Shaping ;Default ;
29;Pass No SNAT;Allow-DBSLIRNUE01-to-DBSNDNUE01;;TCP  1352 TCP-1352 TCP  1352;Ref: h-172.16.250.213-dbslirnue01 172.16.250.213;Source: default Destination: Same as Source;10.9.0.120 , 10.9.0.121 , 10.9.0.61;Any ;Always ;No-Shaping ;Default ;
32;Pass Client;Allow-Proofpoint-Server-to-DBSPPMNUE01;;Ref: Port-3306 , TCP  10010 TCP  10010, TCP  3306;Ref: h-172.16.250.131-DBSPPANUE01 , Ref: h-172.16.250.132-DBSPPANUE02 172.16.250.131, 172.16.250.132;Source: default Destination: default;Ref: h-10.9.10.125-DBSPPMNUE01 10.9.10.125;Any ;Always ;No-Shaping ;Default ;
34;Pass Client;Allow-DBSPPMNUE01-to-THAEXNUE01;;Ref: LDAP , Ref: Port-3268 TCP  3268, TCP  389, UDP  389;Ref: h-10.9.10.125-DBSPPMNUE01 10.9.10.125;Source: default Destination: default;Ref: h-172.16.250.70-HAEXNUE01 172.16.250.70;Any ;Always ;No-Shaping ;Default ;
35;Pass Client;Allow-Datagroup-Clients-to-Proofpoint;;Ref: SSH , TCP  10000 TCP  10000, TCP  22;Ref: g-Consinto-Clients-Nets , Ref: h-10.9.10.125-DBSPPMNUE01 10.9.10.125, 10.9.11.0/24, 10.9.12.0/24, 10.9.13.0/24, 10.9.15.0/24, 10.9.16.0/24, 10.9.17.0/24, 10.9.18.0/24, 10.9.19.0/24, 10.9.20.0/24, 10.9.22.0/24, 10.9.23.0/24;Source: default Destination: default;Ref: h-172.16.250.131-DBSPPANUE01 , Ref: h-172.16.250.132-DBSPPANUE02 172.16.250.131, 172.16.250.132;Any ;Always ;No-Shaping ;Default ;
37;Pass Client;Allow-Datagroup-to-DBSILSNUE02;;Ref: SSH , Ref: ICMP ECHO , TCP  22;Ref: net-10-9-20-Consinto-Siegburg , Ref: h-10.9.0.178-DBSILSSIE03 , Ref: h-10.9.0.192-DBSILSSIE04 10.9.0.178, 10.9.0.192, 10.9.20.0/24;Source: default Destination: default;172.16.250.45 ;Any ;Always ;No-Shaping ;Default ;
40;Pass Client;Allow-LB-to-doksap-Dokumental;;TCP  51000;Ref: g-Consinto-Loadbalancer 194.145.239.100, 194.145.239.101, 194.145.239.102;Source: default Destination: default;Ref: h-10.113.38.166-doksapwon.dokumental.local , Ref: h-10.113.38.167-doksapwom.dokumental.local 10.113.38.166, 10.113.38.167;Any ;Always ;No-Shaping ;Default ;
48;Pass Client;Allow-Montratec-HTTP-S-to-WEB-Server;;Ref: HTTP+S , Ref: Port-8080 TCP  443, TCP  80, TCP  8080;Ref: Internet 0.0.0.0/0, NOT 10.0.0.0/8, NOT 172.16.0.0/12, NOT 192.168.0.0/16;Source: default Destination: default;Ref: h-194.145.239.108-MONWEBNUE01 194.145.239.108;Any ;Always ;No-Shaping ;Default ;
49;Block ;Block-Montratec-WEB-Server-to-DGBS-Server;;ALL ALLIP, ECHO , TCP  *, TCP  21, TCP  512, TCP  513, TCP  514, UDP  *;Ref: h-194.145.239.108-MONWEBNUE01 194.145.239.108;Source: default ;Ref: net-10-9-0-Consinto-Server-Nbg 10.9.0.0/24;Any ;Always ;N.A. ;N.A. ;
50;Pass Client;Allow-Internet-HTTP-S-to-Netscaler;;Ref: HTTP+S TCP  443, TCP  80;Ref: World 0.0.0.0/0;Source: default Destination: default;Ref: h-194.145.239.5-cloud.datagroup-bs.de , Ref: h-194.145.239.21-netscaler-IVG , Ref: h-194.145.239.55-Access.datagroup-bs.de-Netscaler 194.145.239.21, 194.145.239.5, 194.145.239.55;Any ;Always ;No-Shaping ;Default ;
52;Pass Proxysecond;Allow-PROXYs-to-Internet-DNS;;Ref: DNS , Ref: DNS-TCP TCP  53, UDP  53;Ref: h-172.16.250.20-DBSPRONUE01-Proxy1 , Ref: h-172.16.250.21-DBSPRONUE02-Proxy2 , 172.16.250.197 , 172.16.250.198 , Ref: h-172.16.250.191-tripxynur01 , Ref: h-172.16.250.193-mwipxynue01 , Ref: h-172.16.250.194-pumpxynue03 , Ref: h-172.16.250.196-ivgpxynur01 , Ref: h-172.16.250.190-OFFPXYNUR01 172.16.250.190, 172.16.250.191, 172.16.250.193, 172.16.250.194, 172.16.250.196, 172.16.250.197, 172.16.250.198, 172.16.250.20, 172.16.250.21;Source: default Destination: default;Ref: Internet 0.0.0.0/0, NOT 10.0.0.0/8, NOT 172.16.0.0/12, NOT 192.168.0.0/16;Any ;Always ;No-Shaping ;Default ;
53;Pass Proxydyn;Allow-PROXYs-to-Internet;;Ref: HTTP+S , TCP  8443 , TCP  10443 , TCP  7083 , TCP  9981 , TCP  8002 , TCP  444 , TCP  89 , TCP  8000 , TCP  8080 , TCP  1445 , TCP  7800 , Ref: HTTPS+OHP , TCP  8771 , TCP  8440 , TCP  8449 , TCP  8482 , Ref: HTTPS-30443 , TCP  5250 , TCP  12010 , TCP  8004 , TCP  8008 , TCP  8100 , TCP  8200 , TCP  8400 , TCP  8888 , TCP  433 , TCP  3000 , TCP  60443 , Ref: FTP , TCP  8082 , TCP  3306 , TCP  10080 , TCP  9090 , TCP  6263 , TCP  8070 , TCP  9013 , TCP  9014 , Ref: Admin-Domain-Ports , TCP  5080 , TCP  3050 , TCP  8081 , TCP  5085 , TCP  5090 , TCP  43000 , TCP  42000 , TCP  8444 , TCP  4084 , TCP  5084 , TCP  643 , TCP  4443 , TCP  5002 , TCP  1194 , TCP  543 , Ref: TCP-4060 , Ref: TCP-4070 , Ref: TCP-6263 , Ref: TCP-6264 , TCP  8243 , Ref: Port-5081 , UDP  19302-19309 , Ref: Port-6619-OFTP2-EDI , Ref: Port-9444-IBM-Content-Navigator , Ref: Port-10101 , Ref: Port-3001 , Ref: Port-2025 , Ref: Port-5000 , Ref: Port-50000-J2EE-engine-HTTP TCP  10080, TCP  10101, TCP  10443, TCP  1194, TCP  12010, TCP  1445, TCP  2025, TCP  21, TCP  3000, TCP  3001, TCP  30443, TCP  3050, TCP  3306, TCP  389, TCP  4060, TCP  4070, TCP  4084, TCP  42000, TCP  43000, TCP  433, TCP  443, TCP  444, TCP  4443, TCP  464, TCP  49443, TCP  5000, TCP  50000, TCP  5002, TCP  5080, TCP  5081, TCP  5084, TCP  5085, TCP  5090, TCP  5250, TCP  53, TCP  543, TCP  60443, TCP  6263, TCP  6264, TCP  643, TCP  6619, TCP  7083, TCP  749, TCP  7800, TCP  80, TCP  8000, TCP  8002, TCP  8004, TCP  8008, TCP  8070, TCP  8080, TCP  8081, TCP  8082, TCP  8100, TCP  8200, TCP  8243, TCP  8400, TCP  8440, TCP  8443, TCP  8444, TCP  8449, TCP  8482, TCP  8771, TCP  88, TCP  8888, TCP  89, TCP  9013, TCP  9014, TCP  9090, TCP  9444, TCP  9981, UDP  19302-19309, UDP  389, UDP  464, UDP  53, UDP  749, UDP  88;Ref: h-172.16.250.20-DBSPRONUE01-Proxy1 , Ref: h-172.16.250.21-DBSPRONUE02-Proxy2 , 172.16.250.197 , 172.16.250.198 , Ref: h-172.16.250.191-tripxynur01 , Ref: h-172.16.250.193-mwipxynue01 , Ref: h-172.16.250.194-pumpxynue03 , Ref: h-172.16.250.196-ivgpxynur01 , Ref: h-172.16.250.190-OFFPXYNUR01 172.16.250.190, 172.16.250.191, 172.16.250.193, 172.16.250.194, 172.16.250.196, 172.16.250.197, 172.16.250.198, 172.16.250.20, 172.16.250.21;Source: default Destination: default;Ref: Internet 0.0.0.0/0, NOT 10.0.0.0/8, NOT 172.16.0.0/12, NOT 192.168.0.0/16;Any ;Always ;No-Shaping ;Default ;
60;Pass Client;Allow-Loadbalancer-to-all-DNS-Server-Internet;;Ref: DNS UDP  53;Ref: g-Consinto-Loadbalancer 194.145.239.100, 194.145.239.101, 194.145.239.102;Source: default Destination: default;Ref: Internet 0.0.0.0/0, NOT 10.0.0.0/8, NOT 172.16.0.0/12, NOT 192.168.0.0/16;Any ;Always ;No-Shaping ;Default ;
61;Pass Client;Allow-DNS-aus-der-DMZ-auf-interne-DGBS-DNS-Server;;Ref: DNS , Ref: DNS-TCP TCP  53, UDP  53;net-194-145-239-0-DMZ-Netz 194.145.239.0/25;Source: default Destination: default;Ref: g-DNS-Serv 10.1.4.202, 10.1.4.203, 10.1.4.210, 10.1.4.211, 10.1.4.213, 10.9.0.10, 10.9.0.16;Any ;Always ;No-Shaping ;Default ;
62;Pass Client;Allow-Loadbancer-to-MWI-Mavosys;;Ref: HTTP , TCP  82 , TCP  84 TCP  80, TCP  82, TCP  84;Ref: g-Consinto-Loadbalancer 194.145.239.100, 194.145.239.101, 194.145.239.102;Source: default Destination: default;Ref: h-10.112.40.51-web-gmc-mavosys , Ref: h-10.112.40.55-web-gmc-mavowatt , Ref: h-10.112.36.175-mwiiltnue01 10.112.36.175, 10.112.40.51, 10.112.40.55;Any ;Always ;No-Shaping ;Default ;
63;Pass Client;Allow-Loadbancer-to-MWI-EMC-Server;;Ref: HTTP TCP  80;Ref: g-Consinto-Loadbalancer 194.145.239.100, 194.145.239.101, 194.145.239.102;Source: default Destination: default;Ref: h-10.112.40.205-MWI-EMC-WEB-Server 10.112.40.205;Any ;Always ;No-Shaping ;Default ;
64;Pass Client;Allow-Loadbancer-to-MWI-Lizenz-Server;;Ref: HTTP TCP  80;Ref: g-Consinto-Loadbalancer 194.145.239.100, 194.145.239.101, 194.145.239.102;Source: default Destination: default;Ref: h-10.112.60.175-MWIILTNUE01 10.112.60.175;Any ;Always ;No-Shaping ;Default ;
65;Pass Client;Allow-iperf-TEST;;Ref: ALL ALLIP, ECHO , TCP  *, TCP  21, TCP  512, TCP  513, TCP  514, UDP  *;Ref: World 0.0.0.0/0;Source: default Destination: default;194.145.239.57 ;Any ;Always ;No-Shaping ;Default ;
66;Pass Client;Allow-Direkt-Webaccess-from-DG-NUE-neuer-Standort;;Ref: ALL ALLIP, ECHO , TCP  *, TCP  21, TCP  512, TCP  513, TCP  514, UDP  *;194.145.239.70 , 194.145.239.71 , 194.145.239.57;Source: default Destination: default;Ref: World 0.0.0.0/0;Any ;Always ;No-Shaping ;Default ;
67;Pass Client;Allow-Direkt-Webaccess-from-DMZ;;Ref: HTTP+S , Ref: Port-8088 , Ref: Port-8080 , Ref: Port-8081 TCP  443, TCP  80, TCP  8080, TCP  8081, TCP  8088;Ref: net-194-145-239-0-DMZ-Netz 194.145.239.0/25;Source: default Destination: default;Ref: World 0.0.0.0/0;Any ;Always ;No-Shaping ;Default ;
68;Pass Client;Allow-Internet-to-MWI-WebServer;;Ref: HTTPS TCP  443;Ref: Internet 0.0.0.0/0, NOT 10.0.0.0/8, NOT 172.16.0.0/12, NOT 192.168.0.0/16;Source: default Destination: default;Ref: h-194.145.239.106-www-ftp.GMC-I 194.145.239.106;Any ;Always ;No-Shaping ;Default ;
70;Pass Client;Allow-HighPorts-from-FTP-to-World;;Ref: tcp-highports TCP  1024-65535;Ref: h-194.145.239.104-www-ftp.consinto , Ref: h-194.145.239.105-www-ftp.blaupunkt , Ref: h-194.145.239.106-www-ftp.GMC-I , Ref: h-194.145.239.38-ftp.grundig.de , Ref: h-194.145.239.76-as000337.thales-ims.de-ftp-Proxy 194.145.239.104, 194.145.239.105, 194.145.239.106, 194.145.239.38, 194.145.239.76;Source: default Destination: default;World 0.0.0.0/0;Any ;Always ;No-Shaping ;Default ;
71;Pass Client;Allow-HighPorts-from-FTP-to-World-Copy1;;Ref: tcp-highports TCP  1024-65535;net-10 10.0.0.0/8;Source: default Destination: default;Ref: h-194.145.239.38-ftp.grundig.de , Ref: h-194.145.239.104-www-ftp.consinto 194.145.239.104, 194.145.239.38;Any ;Always ;No-Shaping ;Default ;
73;Pass Client;Allow-NETBIOS-from-DMZ-to-PDC;;Ref: MS-NETBIOS , Ref: WINRPC135 TCP  135, TCP  139, UDP  137, UDP  138;Ref: net-194-145-239-0-DMZ-Netz 194.145.239.0/25;Source: default Destination: default;Ref: g-WINS , Ref: h-10.1.2.181-tha-as000711 , Ref: h-10.6.16.2-tha-nafiler01 , Ref: h-10.1.2.110-tha-as000110 , Ref: h-10.1.2.111-tha-as000111 10.1.2.100, 10.1.2.109, 10.1.2.110, 10.1.2.111, 10.1.2.181, 10.6.16.2;Any ;Always ;No-Shaping ;Default ;
74;Pass Client;Allow-LDAP-from-DMZ-to-PDC;;Ref: LDAP TCP  389, UDP  389;Ref: net-194-145-239-0-DMZ-Netz 194.145.239.0/25;Source: default Destination: default;Ref: g-WINS , Ref: h-10.1.2.181-tha-as000711 , Ref: h-10.6.16.2-tha-nafiler01 , Ref: h-10.1.2.110-tha-as000110 , Ref: h-10.1.2.111-tha-as000111 10.1.2.100, 10.1.2.109, 10.1.2.110, 10.1.2.111, 10.1.2.181, 10.6.16.2;Any ;Always ;No-Shaping ;Default ;
98;Pass Proxydyn;Allow-ftps-from-DMZ-to-ftps-delphi-com;;Ref: FTP , Ref: SSH , Ref: tcp-highports TCP  1024-65535, TCP  21, TCP  22;Ref: h-194.145.239.78-tha-as000771 , Ref: h-194.145.239.40-con-as000329 , Ref: h-194.145.239.51-tha-as000325 , Ref: h-194.145.239.54-tha-as000326 194.145.239.40, 194.145.239.51, 194.145.239.54, 194.145.239.78;Source: default Destination: default;h-216.195.77.146-ftps.delphi.com 216.195.77.146;Any ;Always ;No-Shaping ;Default ;
102;Pass Client;Allow-NTP-Requests;;NTP UDP  123;Ref: g-Timeserver-DMZ , Ref: h-194.145.239.38-ftp.grundig.de 194.145.239.38, 194.145.239.51, 194.145.239.54;Source: default Destination: default;Internet 0.0.0.0/0, NOT 10.0.0.0/8, NOT 172.16.0.0/12, NOT 192.168.0.0/16;Any ;Always ;No-Shaping ;Default ;
103;Pass Client;Allow-NTP-from-World-to-NTP-Timeserver;;NTP UDP  123;Ref: net-194-145-239-224-INET-Netz , Ref: Private 10 , Ref: Private 172 , Ref: Private 192 , Ref: World , NOT 10.113.33.0/24 0.0.0.0/0, 10.0.0.0/8, 172.16.0.0/12, 192.168.0.0/16, 194.145.239.224/27, NOT 10.113.33.0/24;Source: default Destination: default;Ref: g-Timeserver-DMZ 194.145.239.51, 194.145.239.54;Any ;Always ;No-Shaping ;Default ;
106;Pass Client;Allow-Direkt-SMTP-Access;;Ref: SMTP TCP  25;Ref: net-194-145-239-0-DMZ-Netz 194.145.239.0/25;Source: default Destination: default;Ref: World 0.0.0.0/0;Any ;Always ;No-Shaping ;Default ;
109;Pass Client;Allow-Webshieldhosts-to-Internet;;Ref: HTTP+S , Ref: SMTP , Ref: POP3 , Ref: FTP , TCP  81 , Ref: DNS , Ref: DNS-TCP , Ref: LDAP , Ref: tcp-highports TCP  1024-65535, TCP  110, TCP  21, TCP  25, TCP  389, TCP  443, TCP  53, TCP  80, TCP  81, UDP  389, UDP  53;Ref: g-Webshield , Ref: h-194.145.239.25-smtp.thales-ims.de , Ref: h-194.145.239.76-as000337.thales-ims.de-ftp-Proxy , Ref: h-194.145.239.21-ftp-proxy-test.thales-ims.de 194.145.239.21, 194.145.239.25, 194.145.239.61, 194.145.239.62, 194.145.239.63, 194.145.239.76;Source: default Destination: default;Internet 0.0.0.0/0, NOT 10.0.0.0/8, NOT 172.16.0.0/12, NOT 192.168.0.0/16;Any ;Always ;No-Shaping ;Default ;
110;Pass Client;Allow-Citrix-DMZ-to-Citrix-Kunden-Server;;Ref: winframe , Ref: Port-2598 TCP  1494, TCP  2598;g-Citrix-DMZ 194.145.239.5, 194.145.239.58, 194.145.239.7;Source: default Destination: default;Ref: net-10-1-13-Citrix-Server , Ref: g-Citrix-Delphi , Ref: h-10.113.1.21-bpt-nbg-bptsnue01 , Ref: h-10.113.1.22-bpt-nbg-bptsnue02 , Ref: h-10.112.36.116-MWITSNUE01 , Ref: h-10.9.0.131-consinto-Citrix-Server , Ref: h-10.9.254.101-CONDEMOTSNUE01 , Ref: h-10.9.254.102-CONDEMOTSNUE02 , Ref: h-10.112.36.52-MWITSNUE02 , Ref: h-10.112.36.144-MWIDDCNUE01.gmc-instruments.com , Ref: h-10.112.36.145-MWIvdaNUE01.gmc-instruments.com 10.1.13.0/24, 10.112.36.116, 10.112.36.144, 10.112.36.145, 10.112.36.52, 10.113.1.21, 10.113.1.22, 10.238.216.230, 10.238.216.231, 10.9.0.131, 10.9.254.101, 10.9.254.102;Any ;Always ;No-Shaping ;Default ;
115;Pass Client;Allow-as000771-to-SAP-Router-intern;;TCP  3299;h-194.145.239.78-tha-as000771 194.145.239.78;Source: default Destination: default;Ref: h-10.1.25.119-tha-saprouter , Ref: h-10.1.25.219-nimsrv-rz3 10.1.25.119, 10.1.25.219;Any ;Always ;No-Shaping ;Default ;
117;Pass Client;Allow-ftp-DMZ-outside;;Ref: FTP TCP  21;Ref: net-194-145-239-0-DMZ-Netz 194.145.239.0/25;Source: default Destination: default;Ref: World 0.0.0.0/0;Any ;Always ;No-Shaping ;Default ;
121;Pass Client;Allow-vsp-gossenmetrawatt-com-to-GMC-I-Server-Net;;Ref: HTTP , Ref: HTTPS , Ref: NTP , Ref: DNS , Ref: SMTP , Ref: LDAP , Ref: LDAP-SSL TCP  25, TCP  389, TCP  443, TCP  636, TCP  80, UDP  123, UDP  389, UDP  53;Ref: h-194.145.239.66-vsp.gossenmetrawatt.com 194.145.239.66;Source: default Destination: default;Ref: net-10-112-36-GMC-I-Server-TDC , Ref: net-10-112-1-GMC-I-Server2 10.112.1.0/24, 10.112.36.0/24;Any ;Always ;No-Shaping ;Default ;
123;Pass Client;Allow-vsp-gossenmetrawatt-com-to-Apple;;Ref: Apple MDM TCP  2195-2196;Ref: h-194.145.239.66-vsp.gossenmetrawatt.com 194.145.239.66;Source: default Destination: default;Ref: net-17-0-0-0-Apple-Network 17.0.0.0/8;Any ;Always ;No-Shaping ;Default ;
125;Pass Client;Allow-sentry-gossenmetrawatt-com-to-GMC-I-Server-N;;Ref: HTTP , Ref: HTTPS , Ref: NTP , Ref: DNS , Ref: LDAP , Ref: LDAP-SSL , Ref: MS-DS , Ref: Kerberos TCP  389, TCP  443, TCP  445, TCP  636, TCP  80, UDP  123, UDP  389, UDP  53, UDP  88;Ref: h-194.145.239.8-sentry2.gossenmetrawatt.com 194.145.239.8;Source: default Destination: default;Ref: net-10-112-36-GMC-I-Server-TDC , Ref: net-10-112-1-GMC-I-Server2 10.112.1.0/24, 10.112.36.0/24;Any ;Always ;No-Shaping ;Default ;
153;Pass Client;Allow-Internet-to-MobileIron;;TCP  9997 , Ref: HTTP+S , Ref: Port-8080 TCP  443, TCP  80, TCP  8080, TCP  9997;Ref: Internet 0.0.0.0/0, NOT 10.0.0.0/8, NOT 172.16.0.0/12, NOT 192.168.0.0/16;Source: default Destination: default;Ref: h-194.145.239.104-www-ftp.consinto 194.145.239.104;Any ;Always ;No-Shaping ;Default ;
168;Pass Client;Allow-World-to-dbsftpnue01-sftp;;Ref: SSH TCP  22;Ref: Internet 0.0.0.0/0, NOT 10.0.0.0/8, NOT 172.16.0.0/12, NOT 192.168.0.0/16;Source: default Destination: default;Ref: h-194.145.239.25-smtp.thales-ims.de 194.145.239.25;Any ;Always ;No-Shaping ;Default ;
169;Pass Client;Allow-HTTPS-World-to-databox;;Ref: HTTPS TCP  443;World 0.0.0.0/0;Source: default Destination: default;Ref: h-194.145.239.46-databox.datagroup-bs.de 194.145.239.46;Any ;Always ;No-Shaping ;Default ;
170;Pass Client;Allow-Port44300-World-to-Portal-vedes-de;;Ref: HTTP+S , Ref: Port-44300 TCP  443, TCP  44300, TCP  80;World 0.0.0.0/0;Source: default Destination: default;Ref: h-194.145.239.60-portal.vedes.de 194.145.239.60;Any ;Always ;No-Shaping ;Default ;
171;Pass Client;Allow-HTTP-HTTPS-World-to-Webservers-and-LB;;Ref: HTTP+S TCP  443, TCP  80;World 0.0.0.0/0;Source: default Destination: default;Ref: h-194.145.239.70-tha-intranet.thales-is.de , Ref: h-194.145.239.64-tha-thademo02 , Ref: h-194.145.239.9-tha-as000386.thales-ims.de , Ref: h-194.145.239.75-tha-as000770 , Ref: h-194.145.239.14-tha-thalesmail.de , Ref: h-194.145.239.16-tha-as000336 , Ref: h-194.145.239.82-OWA-IVG , Ref: h-194.145.239.41-con-as000325 , Ref: h-194.145.239.83-consinto-eanv01 , Ref: h-194.145.239.110-www-ftp-Thales , Ref: h-194.145.239.111-exchange-GMC-I , Ref: h-194.145.239.114-exchange-i-prosys , Ref: h-194.145.239.116-www.secop.com , Ref: h-194.145.239.118-exchange-IlimTimber , Ref: h-194.145.239.119-exchange-Secop , 194.145.239.105 , Ref: h-194.145.239.13-portal.consinto.com , Ref: h-194.145.239.31-Baramuni-Gateway , Ref: h-194.145.239.122-lync-LB-discover-EXTERN , Ref: h-194.145.239.68-bpwsnue01 , Ref: h-194.145.239.120-www.i-3s.de , Ref: h-194.145.239.20-consapddt , 194.145.239.6 , Ref: h-194.145.239.60-portal.vedes.de 194.145.239.105, 194.145.239.110, 194.145.239.111, 194.145.239.114, 194.145.239.116, 194.145.239.118, 194.145.239.119, 194.145.239.120, 194.145.239.122, 194.145.239.13, 194.145.239.14, 194.145.239.16, 194.145.239.20, 194.145.239.31, 194.145.239.41, 194.145.239.6, 194.145.239.60, 194.145.239.64, 194.145.239.68, 194.145.239.70, 194.145.239.75, 194.145.239.82, 194.145.239.83, 194.145.239.9;Any ;Always ;No-Shaping ;Default ;
174;Dst NAT 10.9.14.14,Client;Allow-Swyx-World-to-swyx-dg-bs;;TCP  16203 , TCP  57203 , TCP  9101;Ref: Internet 0.0.0.0/0, NOT 10.0.0.0/8, NOT 172.16.0.0/12, NOT 192.168.0.0/16;Source: default Destination: default;Ref: h-194.145.239.116-www.secop.com 194.145.239.116;Any ;Always ;No-Shaping ;Default ;
175;Dst NAT 10.9.0.60:16203,Client;Allow-Swyx-World-to-swyx-dg-bs-TEST-Remoteconnecto;;TCP  16204;Ref: Internet 0.0.0.0/0, NOT 10.0.0.0/8, NOT 172.16.0.0/12, NOT 192.168.0.0/16;Source: default Destination: default;Ref: h-194.145.239.116-www.secop.com 194.145.239.116;Any ;Always ;No-Shaping ;Default ;
176;Dst NAT 10.9.0.60:9101,Client;Allow-Swyx-World-to-swyx-dg-bs-TEST-Auth;;TCP  9102;Ref: Internet 0.0.0.0/0, NOT 10.0.0.0/8, NOT 172.16.0.0/12, NOT 192.168.0.0/16;Source: default Destination: default;Ref: h-194.145.239.116-www.secop.com 194.145.239.116;Any ;Always ;No-Shaping ;Default ;
178;Pass Client;Allow-HTTPS-and-FTP-to-Balcke-WEB;;Ref: FTP , Ref: HTTP+S , Ref: SSH TCP  21, TCP  22, TCP  443, TCP  80;Ref: World 0.0.0.0/0;Source: default Destination: default;Ref: h-194.145.239.42-fwh.software.balcke-duerr.com 194.145.239.42;Any ;Always ;No-Shaping ;1 No Scan ;
179;Pass Client;Allow-HTTPS-to-www-ftp-gss-de;;Ref: HTTPS TCP  443;Ref: World 0.0.0.0/0;Source: default Destination: default;Ref: h-194.145.239.99-sebaco.datagroup-bs.de 194.145.239.99;Any ;Always ;No-Shaping ;1 No Scan ;
181;Pass Client;Allow-HTTP-and-FTP-to-Virtuell-Server-Loadbalancer;;Ref: HTTP , Ref: FTP TCP  21, TCP  80;Ref: World 0.0.0.0/0;Source: default Destination: default;Ref: h-194.145.239.38-loadbalancer-38 , Ref: h-194.145.239.99-sebaco.datagroup-bs.de , Ref: h-194.145.239.104-www-ftp.consinto , Ref: h-194.145.239.105-www-ftp.blaupunkt , Ref: h-194.145.239.106-www-ftp.GMC-I , Ref: h-194.145.239.109-www-ftp.GBS , Ref: h-194.145.239.121-whistle-support.com-Secop , Ref: h-194.145.239.68-bpwsnue01 194.145.239.104, 194.145.239.105, 194.145.239.106, 194.145.239.109, 194.145.239.121, 194.145.239.38, 194.145.239.68, 194.145.239.99;Any ;Always ;No-Shaping ;1 No Scan ;
182;Pass Client;Allow-HTTP-HTTPS-and-Port-8080-World;;Ref: Port-8080 , Ref: HTTP+S TCP  443, TCP  80, TCP  8080;World 0.0.0.0/0;Source: default Destination: default;Ref: h-194.145.239.38-ftp.grundig.de , Ref: h-194.145.239.71-tha-as000763 194.145.239.38, 194.145.239.71;Any ;Always ;No-Shaping ;Default ;
183;Pass Client;Allow-Kunden-to-SAP-Router;;TCP  3299;Ref: net-192-168-100-0-vedes-netz1 , Ref: net-10-9-10-0-Consinto-Service-Netz-auf-ASA , Ref: net-10-9-1-Consinto-SAP-Server , Ref: net-10-1-25-GIM-SAP-Server , Ref: net-10-1-26-GMC-I-SAP-Server , Ref: h-172.16.250.160-dessapgpd , Ref: h-172.16.250.161-dessapgpp , Ref: h-172.16.250.162-dbssapwdp , 10.113.0.0/16 10.1.25.0/24, 10.1.26.0/24, 10.113.0.0/16, 10.9.1.0/24, 10.9.10.0/24, 172.16.250.160, 172.16.250.161, 172.16.250.162, 192.168.100.0/24;Source: default Destination: default;Ref: h-194.145.239.3-tha-as000339 194.145.239.3;Any ;Always ;No-Shaping ;Default ;
185;Pass Client;Allow-DNS-to-DNS-Server-Cosinto-Nuernberg;;Ref: DNS , Ref: DNS-TCP TCP  53, UDP  53;Ref: World 0.0.0.0/0;Source: default Destination: default;Ref: h-194.145.239.53-ns3.consinto.de 194.145.239.53;Any ;Always ;No-Shaping ;Default ;
186;Pass Client;Allow-Windows-SHARE-to-DMZ;;Ref: MS-NETBIOS , Ref: WINRPC445 , Ref: NCP TCP  139, TCP  445, TCP  524, UDP  137, UDP  138;Ref: net-10-1-13-Citrix-Server , Ref: net-10-1-6-Transfernetz-Internet , Ref: h-10.8.21.229-tha-pc003197 , Ref: h-10.8.21.65-tha-pc005177 , Ref: net-10-9-15-Consinto-Clients-Nbg , Ref: h-10.1.2.81-tha-as000381 10.1.13.0/24, 10.1.2.81, 10.1.6.0/24, 10.8.21.229, 10.8.21.65, 10.9.15.0/24;Source: default Destination: default;net-194-145-239-0-DMZ-Netz 194.145.239.0/25;Any ;Always ;No-Shaping ;Default ;
187;Pass Client;Allow-DNS-to-Nefkom-und-Arcor-DNS-Server;;Ref: DNS , Ref: DNS-TCP TCP  53, UDP  53;Ref: h-194.145.239.44-tha-as000756 , Ref: h-194.145.239.53-ns3.consinto.de , Ref: h-194.145.239.250-tha-fw-inet 194.145.239.250, 194.145.239.44, 194.145.239.53;Source: default Destination: default;g-DNS-Forwarder 145.253.2.11, 145.253.2.75, 194.150.191.79, 194.8.57.15, 212.114.152.1, 212.114.153.1;Any ;Always ;No-Shaping ;Default ;
188;Pass Client;Allow-Access-World-to-Groupswise-Server;;TCP  1667;World 0.0.0.0/0;Source: default Destination: default;h-194.145.239.34-tha-gbsmail 194.145.239.34;Any ;Always ;No-Shaping ;Default ;
190;Pass Client;Allow-IT-Net-SSH-HTTPS-to-vsp-and-sentry-gossen;;Ref: SSH , Ref: HTTPS , Ref: HTTPS-8443 TCP  22, TCP  443, TCP  8443;Ref: net-10-9-15-Consinto-Clients-Nbg 10.9.15.0/24;Source: default Destination: default;Ref: h-194.145.239.66-vsp.gossenmetrawatt.com 194.145.239.66;Any ;Always ;No-Shaping ;Default ;
191;Pass Client;Allow-IT-Net-snmp-to-DMZ;;snmp UDP  161;net-10-9-15-Consinto-Clients-Nbg 10.9.15.0/24;Source: default Destination: default;net-194-145-239-0-DMZ-Netz 194.145.239.0/25;Any ;Always ;No-Shaping ;Default ;
195;Pass Client;Allow-ssh-from-Intranet-to-DMZ;;SSH TCP  22;Ref: g-INTRANET , Ref: net-192-168-19-I-Prosys 10.0.0.0/8, 192.168.19.0/24;Source: default Destination: default;net-194-145-239-0-DMZ-Netz 194.145.239.0/25;Any ;Always ;No-Shaping ;Default ;
196;Deny ;Deny-ssh-from-some-Internet-IPs;;SSH TCP  22;h-82.113.44.186 82.113.44.186;Source: default ;Ref: h-194.145.239.9-tha-as000386.thales-ims.de , Ref: h-194.145.239.40-con-as000329 , Ref: h-194.145.239.16-tha-as000336 , Ref: h-194.145.239.51-tha-as000325 194.145.239.16, 194.145.239.40, 194.145.239.51, 194.145.239.9;Any ;Always ;N.A. ;N.A. ;
197;Pass Client;Allow-ssh-to-some-DMZ-workstations;;SSH TCP  22;World 0.0.0.0/0;Source: default Destination: default;Ref: h-194.145.239.16-tha-as000336 194.145.239.16;Any ;Always ;No-Shaping ;Default ;
198;Pass Client;Allow-Smtp-to-Mailserver-intern;;SMTP TCP  25;Ref: Private 10 , Ref: Private 172 , Ref: net-194-145-239-0-DMZ-Netz , Ref: net-185.213.35.0-Services , 116.203.149.200 , 153.92.196.106 , Ref: Private 192 , 185.213.32.0/22 , 94.134.213.180 10.0.0.0/8, 116.203.149.200, 153.92.196.106, 172.16.0.0/12, 185.213.32.0/22, 185.213.35.0/24, 192.168.0.0/16, 194.145.239.0/25, 94.134.213.180;Source: default Destination: default;Ref: h-194.145.239.25-smtp.thales-ims.de 194.145.239.25;Any ;Always ;No-Shaping ;1 No Scan ;
199;Pass Client;Allow-Smtp-to-Mailserver;;SMTP TCP  25;World 0.0.0.0/0;Source: default Destination: default;Ref: g-Webshield 194.145.239.61, 194.145.239.62, 194.145.239.63;Any ;Always ;No-Shaping ;1 No Scan ;
201;Pass Client;Allow-Lotus-Notes-to-lnn4;;lotus TCP  1352;World 0.0.0.0/0;Source: default Destination: default;h-194.145.239.10-tha--lnn__a.thales-ims.de 194.145.239.10;Any ;Always ;No-Shaping ;Default ;
202;Pass Client;Allow-EPO-Access-to-Webshield;;TCP  81 , Ref: tcp-highports TCP  1024-65535, TCP  81;Ref: h-10.1.6.158-tha-as000158 , Ref: net-10-9-15-Consinto-Clients-Nbg 10.1.6.158, 10.9.15.0/24;Source: default Destination: default;g-Webshield 194.145.239.61, 194.145.239.62, 194.145.239.63;Any ;Always ;No-Shaping ;Default ;
204;Pass Client;Allow-Access-to-SAP-Router;;TCP  3299 , Ref: HTTP , TCP  8081-8099 TCP  3299, TCP  80, TCP  8081-8099;World 0.0.0.0/0;Source: default Destination: default;h-194.145.239.74-tha-as000621 194.145.239.74;Any ;Always ;No-Shaping ;Default ;
205;Pass Client;Allow-Access-to-shared-FTP-Server;;Ref: FTP TCP  21;World 0.0.0.0/0;Source: default Destination: default;Ref: h-194.145.239.38-ftp.grundig.de , 194.145.239.33 , Ref: h-194.145.239.41-con-as000325 , 194.145.239.39 194.145.239.33, 194.145.239.38, 194.145.239.39, 194.145.239.41;Any ;Always ;No-Shaping ;Default ;
206;Pass Client;Allow-Intranet-to-FTP-Proxy;;FTP TCP  21;Ref: g-INTRANET , Ref: net-192-168-19-I-Prosys 10.0.0.0/8, 192.168.19.0/24;Source: default Destination: default;Ref: g-Webshield , Ref: h-194.145.239.76-as000337.thales-ims.de-ftp-Proxy , Ref: h-194.145.239.21-ftp-proxy-test.thales-ims.de 194.145.239.21, 194.145.239.61, 194.145.239.62, 194.145.239.63, 194.145.239.76;Any ;Always ;No-Shaping ;Default ;
208;Pass Client;Allow-Access-from-Intranet-to-Web-as000726;;Ref: HTTP , Ref: Port-8080 TCP  80, TCP  8080;Ref: net-10-15-224-VPN-Clients , Ref: net-10-1-13-Citrix-Server , Ref: net-10-9-15-Consinto-Clients-Nbg , Ref: net-10-1-25-GIM-SAP-Server 10.1.13.0/24, 10.1.25.0/24, 10.15.224.0/19, 10.9.15.0/24;Source: default Destination: default;Ref: h-194.145.239.12-tha-as000726 194.145.239.12;Any ;Always ;No-Shaping ;Default ;
209;Pass Client;Allow-Internet-to-Sinnleffers-Webserver;;Ref: HTTP+S TCP  443, TCP  80;Ref: Any 0.0.0.0/0;Source: default Destination: default;Ref: h-194.145.239.117-SLWEBNUE01 194.145.239.117;Any ;Always ;No-Shaping ;Default ;
211;Pass Client;Allow-HTTP-plus-S-World-to-Citrix-Sinnleffers-DMZ;;Ref: HTTP+S TCP  443, TCP  80;World 0.0.0.0/0;Source: default Destination: default;Ref: h-194.145.239.107-Citrix-Sinnleffers-Netscaler 194.145.239.107;Any ;Always ;No-Shaping ;Default ;
212;Pass Client;Allow-HTTPS-World-to-Citrix-DMZ;;HTTPS TCP  443;World 0.0.0.0/0;Source: default Destination: default;g-Citrix-DMZ 194.145.239.5, 194.145.239.58, 194.145.239.7;Any ;Always ;No-Shaping ;Default ;
213;Pass Client;Allow-Internet-to-vsp-gossenmetrawatt-com;;Ref: HTTPS , Ref: MobileIron VSP , Ref: Port-8080 , TCP  9125 , TCP  9126 TCP  443, TCP  8080, TCP  9125, TCP  9126, TCP  9997-9998;Ref: Internet 0.0.0.0/0, NOT 10.0.0.0/8, NOT 172.16.0.0/12, NOT 192.168.0.0/16;Source: default Destination: default;h-194.145.239.66-vsp.gossenmetrawatt.com 194.145.239.66;Any ;Always ;No-Shaping ;Default ;
214;Pass Client;Allow-Internet-to-sentry-gossenmetrawatt-com;;Ref: HTTPS , TCP  9125 , TCP  9125 TCP  443, TCP  9125;Ref: Internet 0.0.0.0/0, NOT 10.0.0.0/8, NOT 172.16.0.0/12, NOT 192.168.0.0/16;Source: default Destination: default;Ref: h-194.145.239.8-sentry2.gossenmetrawatt.com 194.145.239.8;Any ;Always ;No-Shaping ;Default ;
226;Pass Original Source IP;Allow-Internet-to-Nordex-Fiori;;Ref: HTTP+S TCP  443, TCP  80;Ref: h-82.199.62.14-VICARLI-Nordex , Ref: h-82.199.32.76-efactura.crenergia.com , 92.118.101.30 , 92.118.101.32 82.199.32.76, 82.199.62.14, 92.118.101.30, 92.118.101.32;Source: default Destination: default;Ref: h-194.145.239.19-con-ptnue01 194.145.239.19;Any ;Always ;No-Shaping ;Default ;
227;Pass Original Source IP;Allow-SECNAGNUE01-to-SECADWP;;Ref: ICMP , TCP  5666 , Ref: Nagios-to-Client ECHO , TCP  12489, TCP  5666;10.113.6.201 ;Source: default Destination: default;Ref: h-172.16.250.119 172.16.250.119;Any ;Always ;No-Shaping ;Default ;
228;Pass Original Source IP;Allow-SECADFSNUE01-to-SECADWP;;TCP  5985 , TCP  5986 , Ref: WINRPC135 TCP  135, TCP  5985, TCP  5986;Ref: h-10.113.6.58-SECADFSNUE01 10.113.6.58;Source: default Destination: default;Ref: h-172.16.250.119 172.16.250.119;Any ;Always ;No-Shaping ;Default ;
230;Pass Client;Allow-HTTPS-from-SECAD-to-SECADWP;;Ref: ICMP , Ref: HTTPS ECHO , TCP  443;Ref: h-10.113.6.58-SECADFSNUE01 10.113.6.58;Source: default Destination: default;Ref: h-172.16.250.119 172.16.250.119;Any ;Always ;No-Shaping ;Default ;
231;Pass Client;Allow-HTTP-HTTPS-from-Intranet-to-DMZ;;Ref: HTTP+S TCP  443, TCP  80;Ref: Private 10 , Ref: Private 172 , Ref: Private 192 10.0.0.0/8, 172.16.0.0/12, 192.168.0.0/16;Source: default Destination: default;net-194-145-239-0-DMZ-Netz 194.145.239.0/25;Any ;Always ;No-Shaping ;Default ;
232;Pass Client;Allow-icmp-between-DMZ-and-Intranet;;ICMP ECHO ;World 0.0.0.0/0;Source: default Destination: default;Ref: net-194-145-239-0-DMZ-Netz , Ref: net-194-145-239-224-INET-Netz 194.145.239.0/25, 194.145.239.224/27;Any ;Always ;No-Shaping ;Default ;
235;Pass Client;Allow-SAP-Router---SAP-Systeme-to-and-from;;Ref: RDP , TCP  53100 , TCP  8031 , Ref: sapdp , Ref: sapgw , TCP  8000 , TCP  50000 , TCP  55000 , TCP  53500 , TCP  44380 , TCP  8010 , TCP  56000 , TCP  8050 TCP  3200-3299, TCP  3300-3399, TCP  3389, TCP  44380, TCP  50000, TCP  53100, TCP  53500, TCP  55000, TCP  56000, TCP  8000, TCP  8010, TCP  8031, TCP  8050;Ref: net-10 , Ref: net-192-168-100-0-vedes-netz1 , NOT 10.118.0.0/16 10.0.0.0/8, 192.168.100.0/24, NOT 10.118.0.0/16;Source: default Destination: default;Ref: h-194.145.239.3-tha-as000339 , Ref: h-194.145.239.9-tha-as000386.thales-ims.de 194.145.239.3, 194.145.239.9;Any ;Always ;No-Shaping ;Default ;
236;Pass Client;Allow-SAP-Walldorf-----SAP-Router-Thales-Nbg;;TCP  3299 , Ref: RDP , Ref: sapgw TCP  3299, TCP  3300-3399, TCP  3389;Ref: h-194.39.131.34-tha-sapserv2 , Ref: h-194.117.106.129-sapserv1 , Ref: h-194.117.106.130-sapgate9 194.117.106.129, 194.117.106.130, 194.39.131.34;Source: default Destination: default;Ref: h-194.145.239.3-tha-as000339 , Ref: h-194.145.239.9-tha-as000386.thales-ims.de 194.145.239.3, 194.145.239.9;Any ;Always ;No-Shaping ;Default ;
240;Pass Original Source IP;Allow-Internet-to-sip-balcke-duerr;;Ref: HTTPS , TCP  444 , Ref: Port-5061 , UDP  3478 , TCP  5269 TCP  443, TCP  444, TCP  5061, TCP  5269, UDP  3478;Ref: h-194.145.239.59-sip.balcke-duerr.com 194.145.239.59;Source: default Destination: default;Ref: World 0.0.0.0/0;Any ;Always ;No-Shaping ;Default ;
255;Pass Client;Allow-Internet-to-ils-cluster-consinto-com-dbsilsn;;Ref: FTP , Ref: SSH , Ref: HTTP , Ref: HTTPS , Ref: Port-8080 TCP  21, TCP  22, TCP  443, TCP  80, TCP  8080;Ref: Internet 0.0.0.0/0, NOT 10.0.0.0/8, NOT 172.16.0.0/12, NOT 192.168.0.0/16;Source: default Destination: default;Ref: h-194.145.239.44-tha-as000756 194.145.239.44;Any ;Always ;No-Shaping ;Default ;
256;Pass Client;Allow-world-to-PortalTriuva;;Ref: HTTP+S TCP  443, TCP  80;Ref: Internet 0.0.0.0/0, NOT 10.0.0.0/8, NOT 172.16.0.0/12, NOT 192.168.0.0/16;Source: default Destination: default;Ref: h-194.145.239.34-Portal.Triuva.com 194.145.239.34;Any ;Always ;No-Shaping ;Default ;
259;Pass Client;Allow-to-Magnolia-Te-to-SinnLeffers-Citrix;;TCP  5044 TCP-5044 , TCP  8200 TCP-8200 , TCP  9200 TCP-9200 TCP  5044, TCP  8200, TCP  9200;Ref: h-172.16.250.236-slwebnue01 , Ref: h-172.16.250.235-slwebnue02 172.16.250.235, 172.16.250.236;Source: default Destination: default;Ref: h-10.113.40.86-SINPAPP09 , Ref: h-10.113.40.63-slnpvdaadmin01.sinnleffersad.de , 10.113.40.97 10.113.40.63, 10.113.40.86, 10.113.40.97;Any ;Always ;No-Shaping ;Default ;
260;Pass Client;Allow-SinnLeffers-Citrix-to-Magnolia-Test-Web;;Ref: HTTP+S , Ref: SSH , Ref: ICMP , TCP  10000 ECHO , TCP  10000, TCP  22, TCP  443, TCP  80;Ref: h-10.113.40.63-slnpvdaadmin01.sinnleffersad.de , Ref: h-10.113.40.86-SINPAPP09 , 10.113.40.97 10.113.40.63, 10.113.40.86, 10.113.40.97;Source: default Destination: default;Ref: h-172.16.250.235-slwebnue02 , Ref: h-172.16.250.236-slwebnue01 172.16.250.235, 172.16.250.236;Any ;Always ;No-Shaping ;Default ;
261;Pass Client;Allow-monitoring-SinnLeffers-Webservers;;Ref: HTTP+S , Ref: SSH , Ref: ICMP , TCP  5666 ECHO , TCP  22, TCP  443, TCP  5666, TCP  80;Ref: h-10.113.40.201-SinnLeffers-Nagios , 10.113.40.97 10.113.40.201, 10.113.40.97;Source: default Destination: default;Ref: h-172.16.250.236-slwebnue01 , Ref: h-172.16.250.235-slwebnue02 172.16.250.235, 172.16.250.236;Any ;Always ;No-Shaping ;Default ;
262;Pass Client;Allow-monitoring-to-DMZ;;Ref: ICMP , Ref: snmp , Ref: SSH , TCP  5666 , TCP  6556 , TCP  12489 ECHO , TCP  12489, TCP  22, TCP  5666, TCP  6556, UDP  161;Ref: h-10.1.1.17_testnagios1 , Ref: h-10.1.1.7-tha-as000305 , Ref: h-10.1.1.9-con-nagiosmaster 10.1.1.17, 10.1.1.7, 10.1.1.9;Source: default Destination: default;Ref: net-172-16-250-DMZ-F5 172.16.250.0/24;Any ;Always ;No-Shaping ;Default ;
272;Pass Client;Allow-lync-discover-brightOne-to-DMZ;;Ref: HTTP+S TCP  443, TCP  80;Ref: Internet 0.0.0.0/0, NOT 10.0.0.0/8, NOT 172.16.0.0/12, NOT 192.168.0.0/16;Source: default Destination: default;Ref: h-194.145.239.95-lyncdiscover.brightone.eu-LB 194.145.239.95;Any ;Always ;No-Shaping ;Default ;
273;Pass Client;Allow-Loadbancer-toBLK-S4Q-FRA;;Ref: Port-44300 TCP  44300;Ref: g-Consinto-Loadbalancer 194.145.239.100, 194.145.239.101, 194.145.239.102;Source: default Destination: default;Ref: h-10.118.15.57-blkfss4q 10.118.15.57;Any ;Always ;No-Shaping ;Default ;
275;Pass Client;Allow-Skype4Business-LB-to-Balcke-Duerr-Server;;TCP  4443;Ref: g-Consinto-Loadbalancer 194.145.239.100, 194.145.239.101, 194.145.239.102;Source: default Destination: default;Ref: h-10.113.39.13-BLKS4BNUE01 10.113.39.13;Any ;Always ;No-Shaping ;Default ;
276;Pass Client;Allow-lync-LB-to-brightOne-Server;;TCP  4443 , TCP  8080;Ref: g-Consinto-Loadbalancer 194.145.239.100, 194.145.239.101, 194.145.239.102;Source: default Destination: default;Ref: h-10.113.19.31-brolynue11 , Ref: h-10.113.19.32-brolynue12 10.113.19.31, 10.113.19.32;Any ;Always ;No-Shaping ;Default ;
279;Pass Client;Allow-World-to-lyncdiscover-skype-DG-BS;;Ref: HTTP+S TCP  443, TCP  80;Ref: World 0.0.0.0/0;Source: default Destination: default;Ref: h-194.145.239.4--lyncdiscover.datagroup-bs.de 194.145.239.4;Any ;Always ;No-Shaping ;Default ;
281;Pass Client;Allow-internet-to-owa-brightone-eu;;Ref: HTTPS TCP  443;Ref: Internet 0.0.0.0/0, NOT 10.0.0.0/8, NOT 172.16.0.0/12, NOT 192.168.0.0/16;Source: default Destination: default;Ref: h-194.145.239.91-owa.brightone.eu 194.145.239.91;Any ;Always ;No-Shaping ;Default ;
282;Pass Client;Allow-Internet-to-LB-fuer-broownue01;;Ref: HTTPS TCP  443;Ref: Internet 0.0.0.0/0, NOT 10.0.0.0/8, NOT 172.16.0.0/12, NOT 192.168.0.0/16;Source: default Destination: default;Ref: h-194.145.239.96-LB-fuer-broownue01 194.145.239.96;Any ;Always ;No-Shaping ;Default ;
283;Pass Client;Allow-Internet-to-OWA-Fidelis-LB;;Ref: HTTP+S TCP  443, TCP  80;Ref: Internet 0.0.0.0/0, NOT 10.0.0.0/8, NOT 172.16.0.0/12, NOT 192.168.0.0/16;Source: default Destination: default;Ref: h-194.145.239.32-OWA-Fidelis-LB 194.145.239.32;Any ;Always ;No-Shaping ;Default ;
288;Pass Client;Allow-LB-to-DC-nordex-incl-Hamburg;;Ref: LDAP , Ref: Port-88 , UDP  88 , TCP  464 , UDP  464 TCP  389, TCP  464, TCP  88, UDP  389, UDP  464, UDP  88;Ref: g-Consinto-Loadbalancer 194.145.239.100, 194.145.239.101, 194.145.239.102;Source: default Destination: default;Ref: h-10.113.17.10-nordnsnue01 , Ref: net-10.100.10.0-Nordex-Hamburg , Ref: h-10.199.2.1-TRADC01v.nordex-ag.com , Ref: h-10.199.2.2-TRADC02v.nordex-ag.com 10.100.10.0/24, 10.113.17.10, 10.199.2.1, 10.199.2.2;Any ;Always ;No-Shaping ;Default ;
289;Pass Explicit IP 10.9.15.1;Allow-LB-to-DC-DG-KIT-fuer-DES;;Ref: LDAP , Ref: Port-88 , UDP  88 , TCP  464 , UDP  464 TCP  389, TCP  464, TCP  88, UDP  389, UDP  464, UDP  88;Ref: g-Consinto-Loadbalancer 194.145.239.100, 194.145.239.101, 194.145.239.102;Source: default Destination: default;Ref: g-DG-KIT-DC 10.255.0.109, 10.255.0.112, 10.255.0.250, 10.255.0.67;Any ;Always ;No-Shaping ;Default ;
306;Pass Client;Allow-LB-to-Nordex-SAP;;TCP  8017 , TCP  8018 , TCP  8100 , TCP  8000 , TCP  9000;Ref: g-Consinto-Loadbalancer 194.145.239.100, 194.145.239.101, 194.145.239.102;Source: default Destination: default;Ref: h-10.113.17.167-norsapkbx.nordex.corz , Ref: h-10.113.17.168-norsappbx.nordex.corz , Ref: h-10.113.17.186-norsapksx.nordex.corz , Ref: h-10.113.17.187-norsappsx.nordex.corz 10.113.17.167, 10.113.17.168, 10.113.17.186, 10.113.17.187;Any ;Always ;No-Shaping ;Default ;
307;Pass Client;Allow-world-to-Nordex-online;;Ref: HTTPS TCP  443;Ref: Internet 0.0.0.0/0, NOT 10.0.0.0/8, NOT 172.16.0.0/12, NOT 192.168.0.0/16;Source: default Destination: default;Ref: h-194.145.239.47-kbx.sap.nordex-online.com , Ref: h-194.145.239.48-pbx.sap.nordex-online.com , Ref: h-194.145.239.49-ksx.sap.nordex-online.com , Ref: h-194.145.239.50-psx.sap.nordex-online.com 194.145.239.47, 194.145.239.48, 194.145.239.49, 194.145.239.50;Any ;Always ;No-Shaping ;Default ;
308;Pass Client;Allow-Internet-to-Z1-Gateway-LB;;Ref: SMTP , TCP  587 , TCP  465 TCP  25, TCP  465, TCP  587;Ref: Internet 0.0.0.0/0, NOT 10.0.0.0/8, NOT 172.16.0.0/12, NOT 192.168.0.0/16;Source: default Destination: default;Ref: h-194.145.239.63-consinto-mail3 194.145.239.63;Any ;Always ;No-Shaping ;Default ;
310;Pass Client;Allow-Fidelis-Server-Netz-to-Z1;;Ref: SMTP , Ref: HTTPS TCP  25, TCP  443;Ref: net-10-113-22-0-fidelis-server-netz 10.113.22.0/24;Source: default Destination: default;172.16.250.63 , 172.16.250.64;Any ;Always ;No-Shaping ;Default ;
312;Pass Client;Allow-world-to-Netscaler-Demo;;Ref: HTTP+S TCP  443, TCP  80;Ref: Internet 0.0.0.0/0, NOT 10.0.0.0/8, NOT 172.16.0.0/12, NOT 192.168.0.0/16;Source: default Destination: default;194.145.239.23 ;Any ;Always ;No-Shaping ;Default ;
314;Pass Client;Allow-Internet-to-Thales-FTP-Server;;FTP TCP  21;Ref: Internet 0.0.0.0/0, NOT 10.0.0.0/8, NOT 172.16.0.0/12, NOT 192.168.0.0/16;Source: default Destination: default;Ref: h-194.145.239.69-Thales-FTP-Server 194.145.239.69;Any ;Always ;No-Shaping ;1 No Scan ;
326;Pass Original Source IP;Allow-World-to-konsappsk-NAT-WebDynpro-App;;Ref: Port-8001 , TCP  8103 , TCP  8000 , TCP  44300 TCP  44300, TCP  8000, TCP  8001, TCP  8103;Ref: World 0.0.0.0/0;Source: default Destination: default;Ref: h-194.145.239.87-r4334.kontron.com 194.145.239.87;Any ;Always ;No-Shaping ;Default ;
327;Pass Client;Allow-LB-to-Kontron-SAP;;Ref: Port-8001 , TCP  8103 , TCP  8000 , TCP  44300 TCP  44300, TCP  8000, TCP  8001, TCP  8103;Ref: g-Consinto-Loadbalancer 194.145.239.100, 194.145.239.101, 194.145.239.102;Source: default Destination: default;Ref: h-10.113.26.172- konsappsk , Ref: h-10.113.26.163-konsappe1.kontron.local 10.113.26.163, 10.113.26.172;Any ;Always ;No-Shaping ;Default ;
332;Dst NAT 10.9.10.87,Client;Re-direkt-EDILOB;;TCP  6619 EDILOB-TCP , UDP  6619 EDILOB-UDP TCP  6619, UDP  6619;Ref: net-192-138-117-0-Volvo-Edilob , Ref: net-160-46-247-0-BMW-Netz , Ref: net-160-46-245-0-BMW-Netz-2 , Ref: net-160-46-244-0-BMW-Netz-3 , Ref: h-194.17.250.67-IAC-Sweden-neu , Ref: h-93.189.156.165-oftp2.sas-automotive.com , Ref: h-85.233.213.172-oftp2.icdsc.com , Ref: h-62.134.71.200-Aptivs , Ref: h-85.90.60.170-oftp.edi-services.fr , Ref: h-213.144.25.130-Gestamp-1 , Ref: h-18.194.214.193-Benteler-1 , Ref: h-35.158.184.249-Benteler-2 , Ref: h-93.90.134.100-Krone , Ref: h-213.150.240.70-Magna , Ref: oftp2.zf.com , Ref: h-194.5.203.135-Plastic-Omnium , Ref: h-91.239.177.115-Class , Ref: h-213.62.126.140-Faurecia , Ref: h-212.183.3.69-Poettinger , Ref: h-63.240.164.5-Tower-1 , Ref: h-97.71.123.46-Tower-2 , Ref: h-160.44.71.11-T-Systems , Ref: h-193.28.100.114-Webasto , Ref: g-from-Portsche-2-Edilop-4-Aptiv , Ref: g-oftp2-Ziele-4-Mefro , Ref: h-64.37.204.56-oftp.messaging.covisint.com , Ref: h-62.134.71.161-SMP , Ref: oftp2.intesa.it , Ref: oftp2.iacedi.se , Ref: oftp.iber-oleff.pt , 88.157.227.145 , 78.47.38.7 , Ref: pro.di.siemens.com , Ref: ebusiness-gateway.rutronik.com , 193.34.102.101 , Ref: h-81.91.20.109-oftp2.sas-automotive.com , 37.9.239.59 , Ref: edi.zf.com 160.44.71.11, 160.46.244.0/24, 160.46.244.12, 160.46.244.15, 160.46.244.18, 160.46.245.0/24, 160.46.247.0/24, 18.194.214.193, 192.138.117.0/24, 193.28.100.114, 193.34.102.101, 194.17.250.67, 194.5.203.135, 212.140.163.240, 212.183.3.69, 212.184.110.135, 213.144.1.42, 213.144.25.130, 213.144.25.132, 213.144.25.4, 213.150.240.70, 213.62.126.140, 35.158.184.249, 37.9.239.59, 38.105.33.241, 62.134.71.161, 62.134.71.200, 63.240.164.5, 64.37.204.56, 78.47.38.7, 81.91.20.109, 82.218.162.232, 84.21.32.31, 84.21.32.32, 84.21.32.35, 84.21.32.36, 84.21.34.156, 84.21.34.157, 84.21.40.213, 84.21.40.214, 84.21.42.110, 84.21.42.111, 85.233.213.172, 85.90.60.170, 88.157.227.145, 91.207.129.13, 91.239.177.115, 93.189.156.165, 93.90.134.100, 94.126.233.19, 97.71.123.46;Source: default Destination: default;Ref: h-194.145.239.123--edilob.consinto.com 194.145.239.123;Any ;Always ;No-Shaping ;Default ;
333;Dst NAT 10.9.10.87,Client;Re-direkt-EDILOB-Draexlmaier;;Ref: Port-6619-OFTP2 TCP  6619;193.158.111.211;Source: default Destination: default;Ref: h-194.145.239.123--edilob.consinto.com 194.145.239.123;Any ;Always ;No-Shaping ;Default ;
339;Dst NAT 10.9.10.87,Client;Re-direkt-EDILOB-AS2-Compacer;;Ref: HTTP+S , Ref: Port-6619-OFTP2-EDI TCP  443, TCP  6619, TCP  80;Ref: h-212.89.148.146 , Ref: h-212.89.148.147 212.89.148.146, 212.89.148.147;Source: default Destination: default;Ref: h-194.145.239.123--edilob.consinto.com 194.145.239.123;Any ;Always ;No-Shaping ;Default ;
340;Dst NAT 10.9.10.87,Client;Re-direkt-EDILOB-AS2-Skoda;;Ref: HTTP+S , Ref: Port-6619-OFTP2-EDI TCP  443, TCP  6619, TCP  80;Ref: h-193.108.106.84-oftp2.skoda-auto.cz 193.108.106.84;Source: default Destination: default;Ref: h-194.145.239.123--edilob.consinto.com 194.145.239.123;Any ;Always ;No-Shaping ;Default ;
344;Pass Client;Allow-https-to-AS2-EDI-Server;;HTTP+S TCP  443, TCP  80;Ref: Internet 0.0.0.0/0, NOT 10.0.0.0/8, NOT 172.16.0.0/12, NOT 192.168.0.0/16;Source: default Destination: default;Ref: h-194.145.239.43- as2prod.datagroup-bs.de 194.145.239.43;Any ;Always ;No-Shaping ;Default ;
350;Pass Client;Allow-world-to-FIDWSNUE03;;Ref: HTTPS , Ref: HTTP TCP  443, TCP  80;Ref: World 0.0.0.0/0;Source: default Destination: default;Ref: h-194.145.239.17-FIDWSNUE03 194.145.239.17;Any ;Always ;No-Shaping ;Default ;
352;Pass Client;Allow-extern-GM-F-to-Loadbalancer;;Ref: HTTP+S TCP  443, TCP  80;Ref: Internet 0.0.0.0/0, NOT 10.0.0.0/8, NOT 172.16.0.0/12, NOT 192.168.0.0/16;Source: default Destination: default;Ref: h-194.145.239.115-owa.dokumental.de 194.145.239.115;Any ;Always ;No-Shaping ;Default ;
356;Pass Client;Allow-NetScaler-Citrix-to-Sinnleffers;;Ref: ICMP , TCP  1494 , TCP  2598 , Ref: HTTP+S ECHO , TCP  1494, TCP  2598, TCP  443, TCP  80;Ref: h-194.145.239.58-NetScaler-Citrix 194.145.239.58;Source: default Destination: default;g-10.113.40.50-70-Sinnleffers 10.113.40.100, 10.113.40.50, 10.113.40.51, 10.113.40.52, 10.113.40.53, 10.113.40.54, 10.113.40.55, 10.113.40.56, 10.113.40.57, 10.113.40.58, 10.113.40.59, 10.113.40.60, 10.113.40.61, 10.113.40.62, 10.113.40.63, 10.113.40.64, 10.113.40.65, 10.113.40.66, 10.113.40.67, 10.113.40.68, 10.113.40.69, 10.113.40.70, 10.113.40.87, 10.113.40.88, 10.113.40.89, 10.113.40.90, 10.113.40.91, 10.113.40.93;Any ;Always ;No-Shaping ;Default ;
357;Pass Client;Allow-NetScaler-Citrix-to-Kundensystemen;;Ref: RDP , Ref: ICMP , TCP  1494 , TCP  2598 , Ref: HTTP+S ECHO , TCP  1494, TCP  2598, TCP  3389, TCP  443, TCP  80;Ref: h-194.145.239.58-NetScaler-Citrix 194.145.239.58;Source: default Destination: default;Ref: g-IlimTimber-Terminalserver , Ref: g-DGBS-Terminalserver , Ref: g-Sebaco-Terminalserver , Ref: net-10.9.222.0-DG-Shared-Service-Netz , Ref: g-IlimTimber-XenappServer , 10.113.8.12 , Ref: h-10.112.36.116-MWITSNUE01 , Ref: h-10.112.36.144-MWIDDCNUE01.gmc-instruments.com , Ref: h-10.112.36.145-MWIvdaNUE01.gmc-instruments.com 10.1.13.1, 10.1.13.101, 10.1.13.102, 10.1.13.104, 10.1.13.108, 10.1.13.2, 10.112.36.116, 10.112.36.144, 10.112.36.145, 10.113.7.101, 10.113.7.102, 10.113.7.103, 10.113.7.104, 10.113.7.105, 10.113.7.106, 10.113.7.107, 10.113.7.108, 10.113.7.109, 10.113.7.110, 10.113.7.112, 10.113.7.113, 10.113.7.121, 10.113.7.122, 10.113.7.123, 10.113.7.124, 10.113.7.125, 10.113.7.126, 10.113.7.127, 10.113.7.128, 10.113.7.129, 10.113.7.130, 10.113.7.131, 10.113.7.132, 10.113.7.133, 10.113.7.134, 10.113.7.81, 10.113.7.82, 10.113.8.12, 10.9.10.101, 10.9.10.102, 10.9.10.110, 10.9.222.0/24, 10.9.254.101;Any ;Always ;No-Shaping ;Default ;
358;Pass Client;Allow-World-to-Netscaler;;Ref: HTTP+S TCP  443, TCP  80;Ref: World 0.0.0.0/0;Source: default Destination: default;Ref: h-194.145.239.89-Netscaler-virt-IP-IlimTimber 194.145.239.89;Any ;Always ;No-Shaping ;Default ;
359;Pass Client;World-to-DES-Portal;;Ref: HTTP+S TCP  443, TCP  80;Ref: World 0.0.0.0/0;Source: default Destination: default;Ref: h-194.145.239.26-ess.datagroup-es.de 194.145.239.26;Any ;Always ;No-Shaping ;Default ;
365;Pass Client;Allow-Internet-to-cloud-secop-com;;Ref: HTTP+S TCP  443, TCP  80;Ref: Internet 0.0.0.0/0, NOT 10.0.0.0/8, NOT 172.16.0.0/12, NOT 192.168.0.0/16;Source: default Destination: default;194.145.239.74 ;Any ;Always ;No-Shaping ;Default ;
366;Pass Client;Allow-Netscaler-to-Secop-Citrix;;Ref: HTTP+S , TCP  1494 , TCP  2598 TCP  1494, TCP  2598, TCP  443, TCP  80;Ref: h-194.145.239.58-NetScaler-Citrix 194.145.239.58;Source: default Destination: default;Ref: h-10.113.6.110-secvdaaccnue01 , Ref: h-10.113.6.111-secvdaaccnue02 , Ref: h-10.113.6.114-secvdaaccnue03 , Ref: h-10.113.6.119-SECVDApNUE01 , Ref: h-10.113.6.120-SECVDApNUE02 , Ref: h-10.113.6.117-SECDDCpNUE01 , Ref: h-10.113.6.118-SECDDCpNUE02 10.113.6.110, 10.113.6.111, 10.113.6.114, 10.113.6.117, 10.113.6.118, 10.113.6.119, 10.113.6.120;Any ;Always ;No-Shaping ;Default ;
368;Pass Client;Allow-Netscaler-to-Sinnleffers-DC;;Ref: LDAP TCP  389, UDP  389;Ref: h-194.145.239.58-NetScaler-Citrix 194.145.239.58;Source: default Destination: default;10.113.40.10 ;Any ;Always ;No-Shaping ;Default ;
369;Pass Client;Allow-Netscaler-to-Secop-DC;;Ref: LDAP TCP  389, UDP  389;Ref: h-194.145.239.58-NetScaler-Citrix 194.145.239.58;Source: default Destination: default;Ref: h-10.113.6.50-SECDCNUE01 10.113.6.50;Any ;Always ;No-Shaping ;Default ;
370;Pass Client;Allow-Netscaler-to-IlimTimer-DCs;;Ref: LDAP TCP  389, UDP  389;Ref: h-194.145.239.58-NetScaler-Citrix 194.145.239.58;Source: default Destination: default;Ref: h-10.113.7.10-ILTDCNUE01 , Ref: h-192.168.206.37-ILTDCWIS01 10.113.7.10, 192.168.206.37;Any ;Always ;No-Shaping ;Default ;
371;Pass Client;Allow-Netscaler-to-MWI-DCs;;Ref: LDAP TCP  389, UDP  389;Ref: h-194.145.239.58-NetScaler-Citrix 194.145.239.58;Source: default Destination: default;Ref: h-10.112.1.105-tha-c21l46srv105-backup 10.112.1.105;Any ;Always ;No-Shaping ;Default ;
374;Pass Client;Allow-HILJIRANUE01-to-DCNUE;;Ref: MS-CLIENT-SERVICES , Ref: MS-AD-High-Ports , Ref: LDAP ECHO , TCP , TCP  135, TCP  139, TCP  389, TCP  445, TCP  49000-65000, TCP  49155, TCP  49156, TCP  49157, TCP  49158, TCP  49159, TCP  49160, TCP  49161, TCP  49162, TCP  49163, TCP  49164, TCP  49165, TCP  88, UDP , UDP  135, UDP  137, UDP  138, UDP  389, UDP  88;172.16.250.238 ;Source: default Destination: default;Ref: h-10.9.0.10-consinto-DCNUE01 , Ref: h-10.9.0.16-consinto-DCNUE02 10.9.0.10, 10.9.0.16;Any ;Always ;No-Shaping ;Default ;
378;CascadeBack ;Back-to-Main-Rules;;ALL ALLIP, ECHO , TCP  *, TCP  21, TCP  512, TCP  513, TCP  514, UDP  *;World 0.0.0.0/0;Source: default ;World 0.0.0.0/0;Any ;Always ;N.A. ;N.A. ;
